{
  "total_requests": 20,
  "concurrency": 4,
  "successful_requests": 20,
  "total_time_sec": 0.17888687999993635,
  "throughput_req_per_sec": 111.80249775728167
}