{
  "total_requests": 20,
  "concurrency": 4,
  "successful_requests": 20,
  "total_time_sec": 0.18746988299972145,
  "throughput_req_per_sec": 106.68380264594136
}